Julie;Avignon
Lena;Montpellier
Juliette;Paris
Antoine;Paris
Mattéo;Niort
Lina;Troyes
Rayan;Cholet
Mélissa;Quimper
Kylian;Metz
Rayan;Brest
Noémie;Lille
Zoe;Le Tampon
Alicia;Nanterre
Jeanne;Aix-en-Provence
Maxime;Limoges
Evan;Limoges
Ambre;Cholet
Jules;Colmar
Louise;Montreuil
Mathilde;Clermont-Ferrand
Carla;Dunkerque14
Victor;Toulon
Clémence;Saint-Maur-des-Fossés
Jade;Antony
Adam;Les Abymes
Mélissa;Calais
Clémence;Neuilly-sur-Seine
Ethan;Reims
Lola;Poitiers
Lilou;Versailles
Lena;Nancy
Rayan;Aix-en-Provence
Alexis;Saint-Maur-des-Fossés
Lola;Amiens
Louis;Neuilly-sur-Seine
Lou;Mérignac
Marie;Villeurbanne
Lucas;Lorient
Jeanne;Montreuil
Adam;Dunkerque14
Julie;Cayenne
Alexis;Bordeaux
Alexis;Cergy
Evan;Saint-Denis
Carla;Boulogne-Billancourt
Gabriel;Strasbourg
Mattéo;Montauban
Antoine;Dijon
Alicia;Calais
Clément;Montpellier
Chloé;Lyon
Lucas;Brest
Hugo;Rouen
Lilou;Saint-Paul
Ethan;Avignon
Romane;Levallois-Perret
Mélissa;Cholet
Noah;Boulogne-Billancourt
Justine;Aubervilliers
Océane;Cayenne
Alexis;Aubervilliers
Mathis;Lorient
Camille;La Rochelle
Lilou;Clermont-Ferrand
Lola;Drancy
Mélissa;Saint-Denis
Ambre;Niort
Louise;Beauvais
Hugo;Béziers
Louise;Rouen
Paul;Ajaccio
Mathilde;Argenteuil
Adrien;Dijon
Lucie;Grenoble
Benjamin;Amiens
Mathis;Bourges
Zoe;Le Tampon
Adam;Caen
Juliette;Perpignan
Maxence;Saint-Denis
Lilou;Mulhouse
Mathilde;Brest
Emilie;Orléans
Pierre;Bourges
Alicia;Antony
Alice;Nice
Elisa;Villeurbanne
Océane;Reims
Anaïs;Versailles
Evan;Tourcoing
Marie;Villeneuve-d'Ascq
Alicia;Toulon
Noémie;Cholet
Victor;Saint-Nazaire
Tom;Noisy-le-Grand
Alexis;Paris
Léa;Saint-Denis
Ines;La Rochelle
Quentin;Nancy
Chloé;Perpignan
